{"cameraMode":{"drawMode":0,"name":"Shaded","section":"Shading Mode"},"sceneLighting":true,"audioPlay":false,"sceneViewState":{"showFog":false,"showMaterialUpdate":true,"showSkybox":true,"showFlares":true,"showImageEffects":true,"showParticleSystems":true},"in2DMode":false,"pivot":{"x":-32.731239318847659,"y":9.202276229858399,"z":90.27715301513672},"rotation":{"x":-0.04434298351407051,"y":0.694882333278656,"z":-0.043004076927900317,"w":-0.716480553150177},"size":49.80787658691406,"orthographic":false}