{"cameraMode":{"drawMode":0,"name":"Shaded","section":"Shading Mode"},"sceneLighting":false,"audioPlay":false,"sceneViewState":{"showFog":false,"showMaterialUpdate":true,"showSkybox":false,"showFlares":true,"showImageEffects":true,"showParticleSystems":true},"in2DMode":false,"pivot":{"x":1.3800241947174073,"y":3.254664897918701,"z":-4.332210540771484},"rotation":{"x":-0.4630182683467865,"y":-0.035352591425180438,"z":0.01848401501774788,"w":-0.8854603171348572},"size":2.1675636768341066,"orthographic":false}