{"cameraMode":{"drawMode":0,"name":"Shaded","section":"Shading Mode"},"sceneLighting":false,"audioPlay":false,"sceneViewState":{"showFog":false,"showMaterialUpdate":true,"showSkybox":false,"showFlares":true,"showImageEffects":true,"showParticleSystems":true},"in2DMode":false,"pivot":{"x":65.71920776367188,"y":9.06678581237793,"z":79.39442443847656},"rotation":{"x":-0.13267122209072114,"y":0.8435846567153931,"z":-0.24331600964069367,"w":-0.45997604727745058},"size":6.173755168914795,"orthographic":false}