{"cameraMode":{"drawMode":0,"name":"Shaded","section":"Shading Mode"},"sceneLighting":true,"audioPlay":false,"sceneViewState":{"showFog":false,"showMaterialUpdate":true,"showSkybox":true,"showFlares":true,"showImageEffects":true,"showParticleSystems":true},"in2DMode":false,"pivot":{"x":428.6431579589844,"y":265.93389892578127,"z":287.5758056640625},"rotation":{"x":-0.10249529033899307,"y":0.8102312088012695,"z":-0.14895260334014893,"w":-0.5575252771377564},"size":2.864506483078003,"orthographic":false}